"Genus","Species"
"g__GGB2977","s__GGB2977_SGB3959"
"g__GGB9561","s__GGB9561_SGB14972"
"g__Schaalia","s__Lachnospiraceae_bacterium_OF09_6"
"g__Catenibacillus","s__Candidatus_Heritagella_intestinalis"
"g__Candidatus_Allochristensenella","s__Schaalia_turicensis"
"g__GGB58158","s__Clostridiales_bacterium_NSJ_40"
"g__GGB9734","s__Clostridium_sp_Marseille_P3244"
"g__GGB1527","s__Lachnospiraceae_bacterium_NSJ_29"
"g__GGB42689","s__Catenibacillus_scindens"
"g__Latilactobacillus","s__Candidatus_Allochristensenella_caecavium"
"g__GGB3534","s__GGB58158_SGB79798"
"g__GGB74802","s__Clostridium_methylpentosum"
"g__GGB3538","s__Bifidobacterium_pullorum"
"g__GGB3463","s__Eubacterium_sp_An11"
"g__GGB45599","s__Lachnoclostridium_sp_An181"
"g__Massilioclostridium","s__Mediterraneibacter_SGB4598"
"g__GGB5201","s__GGB9734_SGB15304"
"g__GGB3511","s__GGB1527_SGB59850"
"g__GGB45491","s__GGB42689_SGB59892"
"g__Merdibacter","s__Acinetobacter_SGB14792"
"g__GGB6554","s__Gordonibacter_sp_An232A"
"g__GGB58485","s__Latilactobacillus_sakei"
"g__GGB35068","s__Blautia_sp_An81"
"g__GGB45620","s__GGB3534_SGB4722"
"g__Candidatus_Pseudoruminococcus","s__GGB74802_SGB47402"
"g__Candidatus_Pseudolachnospira","s__GGB3538_SGB4728"
"g__Massiliimalia","s__GGB3463_SGB4621"
"g__Candidatus_Parachristensenella","s__GGB45599_SGB63311"
"g__Candidatus_Heteroscilispira","s__Massilioclostridium_coli"
"g__Candidatus_Heteroclostridium","s__Anaerostipes_butyraticus"
"g__GGB9787","s__GGB5201_SGB7260"
"g__GGB9533","s__Clostridiales_bacterium_CHKCI006"
"g__GGB51960","s__GGB3511_SGB4688"
"g__GGB52283","s__GGB45491_SGB63163"
"g__GGB51959","s__Actinomyces_sp_HMSC035G02"
"g__GGB49418","s__Agathobaculum_sp_Marseille_P7918"
"g__Candidatus_Schneewindia","s__Merdibacter_massiliensis"
"g__GGB42378","s__Lachnoclostridium_sp_An169"
"g__Anaerofilum","s__Lachnoclostridium_sp_An131"
"g__Terrisporobacter","s__Blautia_sp_An249"
"g__GGB48165","s__Senegalimassilia_SGB14826"
"g__Drancourtella","s__GGB9522_SGB98319"
"g__GGB3124","s__GGB6554_SGB9257"
"g__Candidatus_Aristotella","s__GGB58485_SGB80143"
"g__GGB9383","s__GGB35068_SGB47850"
"g__Mordavella","s__GGB45620_SGB63333"
"g__Anaerosacchariphilus","s__Candidatus_Pseudoruminococcus_merdavium"
"g__Candidatus_Metalachnospira","s__Candidatus_Pseudolachnospira_avium"
"g__Isoptericola","s__Massiliimalia_massiliensis"
"g__GGB45600","s__Candidatus_Parachristensenella_avicola"
"g__Candidatus_Roslinia","s__Candidatus_Heteroscilispira_lomanii"
"g__GGB3444","s__Candidatus_Heteroclostridium_caecigallinarum"
"g__GGB3677","s__GGB9787_SGB15410"
"g__GGB45497","s__GGB9781_SGB15402"
"g__Alloscardovia","s__GGB9533_SGB14936"
"g__Solibaculum","s__GGB51960_SGB72480"
"g__Anaerofustis","s__GGB34228_SGB72916"
"g__GGB42639","s__GGB9832_SGB15480"
"g__Lactonifactor","s__GGB52283_SGB73075"
"g__GGB79908","s__GGB51959_SGB72479"
"g__Parvibacter","s__GGB49418_SGB69331"
"g__Murimonas","s__Candidatus_Schneewindia_gallinarum"
"g__GGB42389","s__Ruminococcaceae_bacterium_AM28_23LB"
"g__Neobittarella","s__Anaerotruncus_rubiinfantis"
"g__Intestinibacillus","s__Clostridiaceae_bacterium_NSJ_31"
"g__GGB51510","s__GGB42378_SGB59548"
"g__GGB9646","s__Anaerofilum_sp_BX8"
"g__Lentilactobacillus","s__Dysosmobacter_SGB15074"
"g__GGB51420","s__Clostridium_celatum"
"g__GGB9582","s__Clostridium_disporicum"
"g__GGB52106","s__Terrisporobacter_mayombei"
"g__Harryflintia","s__GGB48165_SGB66168"
"g__Bittarella","s__GGB9781_SGB66170"
"g__Scardovia","s__Lachnospiraceae_bacterium_NSJ_12"
"g__Candidatus_Neoanaerotignum","s__Drancourtella_sp_An57"
"g__GGB9513","s__Limosilactobacillus_SGB61600"
"g__Candidatus_Cryptoclostridium","s__Christensenellaceae_bacterium_NSJ_53"
"g__GGB3588","s__Lachnoclostridium_sp_An118"
"g__Traorella","s__Clostridium_paraputrificum"
"g__Eggerthellaceae_unclassified","s__GGB3124_SGB4136"
"g__Companilactobacillus","s__Candidatus_Aristotella_avistercoris"
"g__GGB39644","s__Flavonifractor_sp_An100"
"g__Parascardovia","s__Streptococcus_pasteurianus"
"g__GGB3353","s__Enorma_burkinafasonensis"
"g__Bariatricus","s__GGB9383_SGB72489"
"g__GGB9369","s__Mordavella_massiliensis"
"g__Tractidigestivibacter","s__Anaerosacchariphilus_sp_NSJ_68"
"g__GGB79996","s__Enterococcus_hirae"
"g__GGB4964","s__Streptococcus_agalactiae"
"g__GGB74827","s__Streptococcus_mutans"
"g__GGB58233","s__Candidatus_Metalachnospira_gallinarum"
"g__GGB33544","s__Isoptericola_variabilis"
"g__Angelakisella","s__Eubacteriaceae_bacterium_CHKCI004"
"g__GGB6020","s__GGB45600_SGB15302"
"g__GGB35551","s__Candidatus_Roslinia_caecavium"
"g__Candidatus_Paralachnospira","s__GGB3444_SGB4594"
"g__Mobilibacterium","s__Streptococcus_SGB14888"
"g__Sharpea","s__Eubacterium_callanderi"
"g__GGB25437","s__Gemmiger_sp_An87"
"g__Peptidiphaga","s__GGB3677_SGB4990"
"g__GGB38873","s__GGB45497_SGB63169"
"g__GGB9412","s__Gemmiger_gallinarum"
"g__Bacteria_unclassified","s__Alloscardovia_omnicolens"
"g__GGB3717","s__Erysipelatoclostridium_sp_An15"
"g__GGB42690","s__GGB34797_SGB14323"
"g__Urinicoccus","s__Solibaculum_mannosilyticum"
"g__Atopobium","s__Anaerofustis_stercorihominis"
"g__GGB3003","s__Actinomyces_SGB17168"
"g__Candidatus_Alloscillospira","s__GGB42639_SGB59836"
"g__Candidatus_Neoruminococcus","s__Adlercreutzia_caecimuris"
"g__GGB57353","s__Faecalicatena_contorta"
"g__GGB9474","s__Clostridia_bacterium_UC5_1_1D1"
"g__GGB4802","s__Gordonibacter_massiliensis"
"g__Paraclostridium","s__Lactonifactor_sp_BIOML_A6"
"g__GGB73496","s__GGB79908_SGB47660"
"g__GGB9575","s__Limosilactobacillus_gastricus"
"g__Anaeroglobus","s__Candidatus_Timburyella_SGB14166"
"g__GGB9380","s__Corynebacterium_pyruviciproducens"
"g__GGB9357","s__Candidatus_Metaruminococcus_caecorum"
"g__GGB9700","s__Christensenella_hongkongensis"
"g__GGB75029","s__Parvibacter_caecicola"
"g__GGB9466","s__Murimonas_intestini"
"g__Paraeggerthella","s__Lactobacillus_kalixensis"
"g__GGB74510","s__Prevotella_buccae"
"g__GGB9434","s__GGB42389_SGB59559"
"g__GGB9425","s__Clostridium_SGB6176"
"g__Varibaculum","s__Clostridiaceae_bacterium_OM02_2AC"
"g__GGB48169","s__Massiliimalia_timonensis"
"g__GGB3429","s__Neobittarella_massiliensis"
"g__GGB9420","s__Intestinibacillus_sp_Marseille_P6563"
"g__Lactiplantibacillus","s__GGB51510_SGB71883"
"g__Kluyvera","s__GGB9646_SGB15123"
"g__Carnobacterium","s__Leuconostoc_mesenteroides"
"g__GGB6574","s__Coprobacillus_sp_AF33_1AC"
"g__GGB74403","s__Lentilactobacillus_kefiri"
"g__Secundilactobacillus","s__GGB9480_SGB14873"
"g__GGB3139","s__GGB51420_SGB4586"
"g__Anaerosporobacter","s__GGB9582_SGB4865"
"g__GGB51139","s__Erysipelotrichaceae_bacterium_3_1_53"
"g__Gardnerella","s__GGB52106_SGB72838"
"g__Cellulomonas","s__Streptococcus_australis"
"g__GGB40344","s__Harryflintia_acetispora"
"g__GGB9463","s__Bittarella_massiliensis"
"g__GGB34231","s__Lactobacillus_gasseri"
"g__GGB71580","s__Bifidobacterium_pseudolongum"
"g__Subdoligranulum","s__Lachnoclostridium_sp_An14"
"g__GGB12785","s__Scardovia_wiggsiae"
"g__Caproicibacterium","s__Staphylococcus_SGB14907"
"g__GGB1260","s__Candidatus_Gallimonas_faecavium"
"g__GGB4563","s__Pseudoflavonifractor_sp_AF19_9AC"
"g__GGB26634","s__Peptostreptococcus_anaerobius"
"g__GGB45596","s__Candidatus_Neoanaerotignum_tabaqchaliae"
"g__Pseudoramibacter","s__Solobacterium_SGB6828"
"g__Fannyhessea","s__Actinomyces_sp_oral_taxon_448"
"g__GGB79964","s__Mediterraneibacter_massiliensis"
"g__GGB5979","s__GGB9513_SGB14911"
"g__GGB9540","s__Adlercreutzia_muris"
"g__GGB42674","s__GGB9480_SGB14875"
"g__Enterorhabdus","s__Clostridium_sp_1001271st1_H5"
"g__GGB3316","s__Candidatus_Cryptoclostridium_obscurum"
"g__Peptococcus","s__Limosilactobacillus_mucosae"
"g__Finegoldia","s__GGB3588_SGB4808"
"g__Raoultibacter","s__Traorella_massiliensis"
"g__GGB58071","s__Eubacteriales_Family_XIII_Incertae_Sedis_unclassified_SGB71368"
"g__GGB6573","s__Eggerthellaceae_bacterium"
"g__GGB38145","s__Peptostreptococcus_stomatis"
"g__GGB4897","s__Companilactobacillus_versmoldensis"
"g__GGB1154","s__Latilactobacillus_curvatus"
"g__Candidatus_Adamsella","s__Streptococcus_sobrinus"
"g__Parafannyhessea","s__Companilactobacillus_insicii"
"g__GGB9364","s__GGB39644_SGB53888"
"g__GGB80017","s__Parascardovia_denticolens"
"g__GGB78781","s__Leuconostoc_gelidum"
"g__GGB9763","s__Limosilactobacillus_portuensis"
"g__GGB9341","s__Lacticaseibacillus_rhamnosus"
"g__GGB3600","s__Eubacteriales_unclassified_SGB4861"
"g__Colibacter","s__Lactobacillus_crispatus"
"g__GGB3132","s__Limosilactobacillus_antri"
"g__GGB4386","s__Blautia_marasmi"
"g__GGB9400","s__Enterococcus_viikkiensis"
"g__GGB2732","s__GGB3353_SGB4437"
"g__Morganella","s__Adlercreutzia_mucosicola"
"g__GGB33657","s__Prevotella_bergensis"
"g__GGB79299","s__Oscillibacter_sp_NSJ_62"
"g__GGB3680","s__Bariatricus_massiliensis"
"g__GGB48168","s__GGB9411_SGB14765"
"g__Candidatus_Nanoperiomorbus","s__GGB9369_SGB14350"
"g__GGB3579","s__Olsenella_sp_AF16_14LB"
"g__GGB79790","s__Tractidigestivibacter_scatoligenes"
"g__Negativicoccus","s__Eggerthellaceae_unclassified_SGB63096"
"g__Dellaglioa","s__Ligilactobacillus_saerimneri"
"g__GGB79912","s__GGB79996_SGB14375"
"g__Clostridioides","s__GGB9582_SGB15002"
"g__GGB47956","s__Eubacterium_maltosivorans"
"g__GGB79395","s__Enterococcus_durans"
"g__GGB3424","s__Acidaminococcus_massiliensis"
"g__Alterileibacterium","s__GGB4964_SGB6927"
"g__Levyella","s__GGB74827_SGB4137"
"g__GGB1456","s__GGB9767_SGB15384"
"g__Murdochiella","s__Intestinimonas_gabonensis"
"g__GGB1215","s__Ruminococcus_gauvreauii"
"g__GGB3744","s__Pseudoflavonifractor_gallinarum"
"g__GGB1460","s__GGB58233_SGB79883"
"g__Ezakiella","s__Collinsella_SGB14351"
"g__GGB1455","s__Propionibacterium_acidifaciens"
"g__Mobiluncus","s__Scardovia_inopinata"
"g__Aquabacterium","s__GGB3754_SGB5103"
"g__Lawsonella","s__Clostridium_sp_NSJ_6"
"g__Paracoccus","s__Clostridium_perfringens"
"g__Fructilactobacillus","s__GGB33544_SGB53490"
"g__GGB79104","s__Candidatus_Pseudoscilispira_falkowii"
"g__Pygmaiobacter","s__Christensenella_timonensis"
"g__Sarcina","s__Gemmiger_sp_An50"
"g__GGB45537","s__Gemmiger_sp_An194"
"g__GGB45495","s__Schaalia_odontolytica"
"g__Candidatus_Heteroruminococcus","s__Peptoniphilus_harei"
"g__GGB45461","s__Limosilactobacillus_oris"
"g__GGB4248","s__Actinomyces_sp_ph3"
"g__GGB1277","s__Angelakisella_massiliensis"
"g__GGB3216","s__Collinsella_sp_AF08_23"
"g__GGB52930","s__GGB45600_SGB63312"
"g__GGB9046","s__GGB6020_SGB14985"
"g__Ructibacterium","s__Gemmiger_SGB72777"
"g__Paeniclostridium","s__GGB35551_SGB53794"
"g__GGB45540","s__Candidatus_Paralachnospira_caecorum"
"g__Brevundimonas","s__Mobilibacterium_timonense"
"g__Candidatus_Avimicrobium","s__Sharpea_porci"
"g__GGB34476","s__Eubacterium_pyruvativorans"
"g__GGB9358","s__GGB25437_SGB37391"
"g__GGB74699","s__Anaerococcus_obesiensis"
"g__Kosakonia","s__Slackia_SGB14780"
"g__GGB80000","s__Peptoniphilus_grossensis"
"g__GGB6125","s__Actinomyces_haliotis"
"g__Muricomes","s__Olsenella_sp_oral_taxon_807"
"g__GGB9613","s__Peptidiphaga_gingivicola"
"g__Raoultella","s__Streptococcus_peroris"
"g__GGB33896","s__Enterococcus_casseliflavus"
"g__GGB48567","s__Actinomyces_SGB17163"
"g__GGB25053","s__Olsenella_profusa"
"g__Allobaculum","s__Dialister_pneumosintes"
"g__GGB74703","s__Firmicutes_bacterium"
"g__Pauljensenia","s__GGB38873_SGB47522"
"g__GGB4255","s__Alistipes_SGB2307"
"g__GGB80009","s__Gemmiger_SGB105726"
"g__Candidatus_Nanosynsacchari","s__Lachnoclostridium_sp_An196"
"g__GGB28262","s__GGB9412_SGB14767"
"g__GGB1219","s__Bacteria_unclassified_SGB54310"
"g__GGB48159","s__GGB3717_SGB5040"
"g__GGB50802","s__Streptococcus_sp_F0442"
"g__GGB3105","s__Clostridium_cuniculi"
"g__GGB13012","s__Bifidobacterium_ruminantium"
"g__GGB3325","s__Bifidobacterium_SGB20337"
"g__Salinibacter","s__Leuconostoc_pseudomesenteroides"
"g__Alicyclobacillus","s__Actinomyces_naeslundii"
"g__GGB24132","s__Granulicatella_adiacens"
"g__Arachnia","s__Peptoniphilus_coxii"
"g__Candidatus_Nanogingivalis","s__Actinomyces_gerencseriae"
"g__Candidatus_Alloruminococcus","s__GGB9580_SGB14996"
"g__Peptacetobacter","s__Anaerostipes_rhamnosivorans"
"g__GGB9399","s__GGB42690_SGB59894"
"g__Niameybacter","s__Lachnoclostridium_SGB4602"
"g__Peribacillus","s__Citrobacter_braakii"
"g__GGB779","s__Faecalibacterium_SGB63300"
"g__Bulleidia","s__Collinsella_SGB47518"
"g__Levilactobacillus","s__Peptoniphilus_obesi"
"g__GGB31184","s__Christensenellaceae_bacterium_NSJ_44"
"g__GGB9145","s__Enterococcus_thailandicus"
"g__GGB2945","s__Urinicoccus_massiliensis"
"g__GGB74511","s__Atopobium_deltae"
"g__Gallalistipes","s__GGB9582_SGB15000"
"g__GGB79920","s__Eisenbergiella_sp_OF01_20"
"g__GGB29473","s__GGB3003_SGB3994"
"g__Pyramidobacter","s__Candidatus_Alloscillospira_gallinarum"
"g__Cryptobacterium","s__Enterococcus_pseudoavium"
"g__GGB3887","s__Dialister_micraerophilus"
"g__GGB4538","s__Candidatus_Neoruminococcus_faecicola"
"g__GGB4308","s__Blautia_SGB4793"
"g__GGB6648","s__GGB57353_SGB58537"
"g__GGB45640","s__Lactobacillus_iners"
"g__GGB3360","s__GGB9474_SGB14868"
"g__GGB3130","s__Eubacterium_sp_NSJ_61"
"g__GGB42711","s__GGB4802_SGB6641"
"g__Comamonas","s__Streptococcus_lutetiensis"
"g__GGB9511","s__Olsenella_sp_SW781"
"g__GGB1101","s__Parolsenella_SGB14378"
"g__GGB6013","s__Paraclostridium_bifermentans"
"g__GGB3051","s__GGB33512_SGB15202"
"g__GGB9604","s__GGB73496_SGB47079"
"g__GGB4884","s__Coprococcus_SGB4580"
"g__Saezia","s__Mediterraneibacter_sp_gm002"
"g__Eikenella","s__Enterococcus_malodoratus"
"g__GGB105","s__Enterococcus_phoeniculicola"
"g__Bacillus","s__Enterococcus_dispar"
"g__Ancrocorticia","s__Klebsiella_grimontii"
"g__GGB3662","s__GGB9575_SGB14988"
"g__GGB48227","s__Fusobacterium_nucleatum"
"g__GGB79342","s__Anaeroglobus_geminatus"
"g__GGB25419","s__Campylobacter_curvus"
"g__Gleimia","s__Enterococcus_avium"
"g__Actinotignum","s__Corynebacterium_SGB1956"
"g__GGB3155","s__GGB9380_SGB72486"
"g__GGB765","s__Pseudomonas_SGB14116"
"g__Phoenicibacter","s__Phascolarctobacterium_SGB5790"
"g__GGB28403","s__GGB9357_SGB14330"
"g__Sneathia","s__GGB9700_SGB15217"
"g__Criibacterium","s__GGB75029_SGB47433"
"g__GGB49272","s__Solobacterium_moorei"
"g__Gulosibacter","s__Gemella_morbillorum"
"g__Kytococcus","s__GGB9466_SGB14859"
"g__GGB1339","s__Paraeggerthella_hongkongensis"
"g__GGB28474","s__Terrisporobacter_othiniensis"
"g__Brevibacterium","s__GGB37167_SGB62963"
"g__Facklamia","s__GGB74510_SGB47635"
"g__Ndongobacter","s__Sphingomonas_SGB63305"
"g__Olegusella","s__Olsenella_sp_An270"
"g__GGB12794","s__GGB9434_SGB14812"
"g__Moellerella","s__Parvimonas_sp_oral_taxon_110"
"g__GGB6520","s__Peptoniphilus_lacrimalis"
"g__GGB3103","s__GGB9425_SGB14795"
"g__GGB1669","s__Porphyromonas_uenonis"
"g__Candidatus_Flemingibacterium","s__Slackia_equolifaciens"
"g__GGB3262","s__Varibaculum_cambriense"
"g__Yersinia","s__GGB48169_SGB66172"
"g__Shuttleworthia","s__Olsenella_sp_An290"
"g__Candidatus_Nanosynbacter","s__Clostridiales_bacterium_S5_A14a"
"g__GGB74228","s__Actinomyces_radicidentis"
"g__GGB9589","s__GGB3429_SGB71704"
"g__Eggerthia","s__Limosilactobacillus_urinaemulieris"
"g__Alkalihalobacillus","s__Lentilactobacillus_rapi"
"g__Microbacterium","s__Limosilactobacillus_vaginalis"
"g__Alkalibacterium","s__Lactobacillus_ultunensis"
"g__Agrococcus","s__Lentilactobacillus_otakiensis"
"g__GGB71906","s__GGB9420_SGB14786"
"g__Bavariicoccus","s__Senegalimassilia_faecalis"
"g__Ruoffia","s__Lentilactobacillus_sunkii"
"g__Leucobacter","s__Lentilactobacillus_parabuchneri"
"g__Fretibacterium","s__Lactiplantibacillus_plantarum"
"g__GGB25442","s__Bifidobacterium_scardovii"
"g__GGB3504","s__Staphylococcus_aureus"
"g__Winkia","s__Actinomyces_johnsonii"
"g__GGB80050","s__Kluyvera_SGB71764"
"g__Dermabacter","s__Klebsiella_quasipneumoniae"
"g__GGB46116","s__Oscillospiraceae_bacterium_NSJ_64"
"g__GGB28892","s__Carnobacterium_divergens"
"g__GGB28369","s__Lactobacillus_timonensis"
"g__GGB9256","s__Frisingicoccus_SGB4673"
"g__Psychrobacter","s__GGB6574_SGB9290"
"g__Vibrio","s__GGB74403_SGB53807"
"g__Extibacter","s__Secundilactobacillus_hailunensis"
"g__GGB9169","s__Eubacterium_limosum"
"g__GGB42184","s__Clostridium_hylemonae"
"g__GGB12789","s__GGB3139_SGB4152"
"g__Beduini","s__Romboutsia_hominis"
"g__GGB3289","s__GGB6567_SGB9278"
"g__Piscinibacter","s__Clostridium_SGB6177"
"g__Lautropia","s__Prevotella_oralis"
"g__GGB1202","s__Clostridium_cadaveris"
"g__GGB49434","s__Anaerosporobacter_mobilis"
"g__Helicobacter","s__GGB51139_SGB71360"
"g__GGB9333","s__Gardnerella_vaginalis"
"g__Obesumbacterium","s__Cellulomonas_flavigena"
"g__GGB52002","s__Ligilactobacillus_animalis"
"g__GGB1518","s__Butyricicoccus_porcorum"
"g__Bacilliculturomica","s__Anaerostipes_sp_992a"
"g__GGB3385","s__GGB3429_SGB71706"
"g__GGB4533","s__GGB40344_SGB47664"
"g__GGB12761","s__GGB9463_SGB14855"
"g__Trueperella","s__GGB9357_SGB14332"
"g__GGB4272","s__GGB34231_SGB47113"
"g__GGB77016","s__Anaerofilum_sp_An201"
"g__GGB79420","s__Streptococcus_rubneri"
"g__Delftia","s__Veillonella_tobetsuensis"
"g__GGB74290","s__GGB71580_SGB98325"
"g__GGB71983","s__Subdoligranulum_variabile"
"g__Brachybacterium","s__GGB12785_SGB19823"
"g__GGB71279","s__Pediococcus_acidilactici"
"g__Burkholderia","s__Megasphaera_SGB5856"
"g__Peptostreptococcaceae_unclassified","s__Streptococcus_intermedius"
"g__Tetragenococcus","s__Streptococcus_constellatus"
"g__GGB79703","s__Lacticaseibacillus_suilingensis"
"g__GGB79741","s__Lactobacillus_gallinarum"
"g__Pectinatus","s__Caproicibacterium_amylolyticum"
"g__GGB4243","s__GGB1260_SGB1692"
"g__GGB9835","s__GGB4563_SGB6300"
"g__GGB52421","s__GGB26634_SGB38814"
"g__Lelliottia","s__GGB3265_SGB4313"
"g__Leclercia","s__Actinomyces_sp_oral_taxon_170"
"g__Hyphomicrobiales_unclassified","s__GGB45596_SGB63306"
"g__Paucilactobacillus","s__Limosilactobacillus_balticus"
"g__GGB6129","s__Pseudoramibacter_alactolyticus"
"g__GGB25443","s__Fannyhessea_vaginae"
"g__Lysinibacillus","s__GGB79964_SGB15109"
"g__GGB48667","s__GGB5979_SGB8598"
"g__Cellulosilyticum","s__Ruminococcus_sp_UBA1409"
"g__Synechococcus","s__GGB9540_SGB14943"
"g__GGB41366","s__GGB42674_SGB66070"
"g__GGB33247","s__Enterorhabdus_sp_P55"
"g__GGB29535","s__GGB3602_SGB66069"
"g__GGB30861","s__GGB3316_SGB4385"
"g__Coriobacteriales_unclassified","s__Collinsella_SGB72504"
"g__Candidatus_Tabaqchalia","s__Muribaculum_intestinale"
"g__Schnuerera","s__Peptococcus_niger"
"g__Sporosarcina","s__Actinobaculum_massiliense"
"g__Tissierella","s__Peptoniphilus_duerdenii"
"g__Virgibacillus","s__Finegoldia_magna"
"g__Fastidiosipila","s__Anaerococcus_vaginalis"
"g__GGB3320","s__Campylobacter_showae"
"g__GGB9067","s__Enterobacter_roggenkampii"
"g__Atopobiaceae_unclassified","s__Enterococcus_dongliensis"
"g__GGB45509","s__Coprococcus_sp_AF21_14LB"
"g__GGB80090","s__Collinsella_SGB4866"
"g__GGB78706","s__Raoultibacter_massiliensis"
"g__Arcanobacterium","s__GGB58071_SGB79702"
"g__Acidipropionibacterium","s__GGB6573_SGB9287"
"g__Schleiferilactobacillus","s__GGB38145_SGB53822"
"g__Loigolactobacillus","s__Peptostreptococcus_sp_MV1"
"g__GGB3180","s__GGB4897_SGB106351"
"g__GGB79969","s__GGB1154_SGB1482"
"g__GGB24853","s__Weissella_viridescens"
"g__Micrococcus","s__Eubacterium_brachy"
"g__Vagococcus","s__Dysosmobacter_sp_Marseille_Q4140"
"g__Providencia","s__Candidatus_Adamsella_avium"
"g__GGB9729","s__Clostridiales_bacterium_BX7"
"g__GGB9058","s__Parafannyhessea_umbonata"
"g__GGB26772","s__GGB9364_SGB14339"
"g__Serratia","s__Bilophila_SGB69261"
"g__Hornefia","s__GGB80017_SGB63183"
"g__GGB79622","s__GGB78781_SGB106569"
"g__Solibacillus","s__Lactonifactor_longoviformis"
"g__Tissierellia_unclassified","s__Intestinibacillus_massiliensis"
"g__Glutamicibacter","s__Lactococcus_piscium"
"g__Marinilactibacillus","s__Bacteroides_sp_L10_4"
"g__GGB37878","s__Clostridium_moniliforme"
"g__Candidatus_Nanosyncoccus","s__Selenomonas_felix"
"g__GGB9768","s__Enterococcus_gallinarum"
"g__GGB9170","s__Enterococcus_asini"
"g__GGB18827","s__Carnobacterium_maltaromaticum"
"g__GGB6599","s__GGB9712_SGB15242"
"g__Tessaracoccus","s__GGB9763_SGB15380"
"g__Tropheryma","s__GGB9341_SGB14305"
"g__GGB24147","s__GGB3600_SGB4859"
"g__GGB9686","s__Clostridium_sp_D5"
"g__GGB18336","s__Blautia_sp_Marseille_P3201T"
"g__Xanthomonas","s__Colibacter_massiliensis"
"g__GGB4721","s__GGB3132_SGB4145"
"g__Berryella","s__GGB4386_SGB6036"
"g__GGB2665","s__GGB9400_SGB14745"
"g__GGB49400","s__GGB2732_SGB58358"
"g__GGB80073","s__Morganella_morganii"
"g__GGB75036","s__Weissella_paramesenteroides"
"g__GGB28271","s__GGB33657_SGB66068"
"g__GGB25535","s__Clostridium_massiliamazoniense"
"g__GGB1336","s__GGB79299_SGB105707"
"g__GGB70875","s__Klebsiella_quasivariicola"
"g__GGB9175","s__Lachnospiraceae_bacterium_NSJ_38"
"g__GGB3141","s__Candidatus_Metalachnospira_SGB63370"
"g__GGB24102","s__Acinetobacter_johnsonii"
"g__Emergencia","s__GGB80012_SGB15003"
"g__GGB79811","s__GGB3680_SGB4994"
"g__GGB79653","s__GGB48168_SGB66171"
"g__GGB3276","s__GGB5973_SGB4591"
"g__GGB27774","s__Olsenella_SGB42251"
"g__GGB52222","s__Haemophilus_SGB47419"
"g__GGB3220","s__Atopobium_minutum"
"g__GGB12969","s__Streptococcus_dysgalactiae"
"g__GGB78964","s__Actinomyces_sp_HMT897"
"g__Psychrobacillus","s__Actinomyces_dentalis"
"g__GGB70871","s__Candidatus_Nanoperiomorbus_periodonticus"
"g__Mycoplasma","s__GGB3579_SGB47659"
"g__Candidatus_Soleaferrea","s__GGB79790_SGB71664"
"g__GGB3171","s__Collinsella_SGB59878"
"g__GGB72452","s__Anaerostipes_SGB4708"
"g__GGB1844","s__Selenomonas_artemidis"
"g__GGB4601","s__Negativicoccus_succinicivorans"
"g__GGB3664","s__Ruminococcus_SGB4253"
"g__GGB27872","s__Enterobacter_kobei"
"g__Chryseobacterium","s__Pseudomonas_aeruginosa"
"g__Afipia","s__Lachnoclostridium_sp_An76"
"g__Acidovorax","s__Oscillibacter_ruminantium"
"g__Hydrotalea","s__Clostridium_sp_C105KSO13"
"g__GGB70856","s__Christensenella_sp_Marseille_P3954"
"g__Ralstonia","s__Ruminococcaceae_bacterium_BL_4"
"g__Mesorhizobium","s__Ruminococcus_sp_Marseille_P6503"
"g__Aerococcus","s__Dellaglioa_algida"
"g__Tannerella","s__Lactococcus_laudensis"
"g__GGB1838","s__Coprococcus_SGB106020"
"g__GGB3389","s__Clostridium_saccharogumia"
"g__GGB1025","s__Gemella_asaccharolytica"
"g__Candidatus_Gracilibacteria_unclassified","s__Clostridium_tertium"
"g__Treponema","s__Lactiplantibacillus_pentosus"
"g__GGB2671","s__GGB79912_SGB4550"
"g__GGB28265","s__Clostridioides_difficile"
"g__GGB3095","s__GGB47956_SGB71712"
"g__GGB80019","s__GGB79395_SGB105947"
"g__GGB70521","s__Oscillibacter_sp_PC13"
"g__Algoriella","s__GGB3424_SGB4551"
"g__GGB18559","s__GGB2993_SGB3978"
"g__GGB3528","s__Parvimonas_parva"
"g__GGB4251","s__Porphyromonas_SGB1982"
"g__GGB13183","s__Alterileibacterium_massiliense"
"g__Bergeyella","s__Corynebacterium_amycolatum"
"g__Cloacibacterium","s__Levyella_massiliensis"
"g__GGB79394","s__GGB1456_SGB2019"
"g__GGB79694","s__Murdochiella_vaginalis"
"g__Pantoea","s__GGB1215_SGB1581"
"g__GGB24101","s__GGB3744_SGB3918"
"g__GGB79628","s__Fenollaria_timonensis"
"g__GGB75876","s__Streptococcus_SGB3665"
"g__GGB79683","s__GGB1460_SGB2023"
"g__GGB9049","s__Ezakiella_SGB6726"
"g__GGB1088","s__GGB1455_SGB2018"
"g__GGB13054","s__Mobiluncus_SGB15488"
"g__GGB13056","s__Prevotella_sp_DNF00663"
"g__GGB42462","s__Porphyromonas_SGB1980"
"g__GGB48326","s__Peptoniphilus_pacaensis"
"g__GGB1345","s__Peptoniphilus_sp_BV3C26"
"g__GGB27897","s__Peptoniphilus_sp_Marseille_P3761"
"g__GGB52384","s__Aquabacterium_SGB14327"
"g__GGB763","s__Porphyromonas_bennonis"
"g__GGB10693","s__Lawsonella_clevelandensis"
"g__GGB3400","s__Prevotella_buccalis"
"g__Arthrospira","s__Clostridiales_bacterium_KA00274"
"g__GGB9628","s__Acidaminococcus_SGB42794"
"g__GGB9528","s__Paracoccus_aeridis"
"g__Marvinbryantia","s__Fructilactobacillus_sanfranciscensis"
"g__GGB37323","s__Alistipes_sp_CHKCI003"
"g__GGB3266","s__Weissella_cibaria"
"g__GGB18083","s__Clostridium_sp_chh4_2"
"g__GGB25056","s__Clostridium_porci"
"g__Cronobacter","s__Enterococcus_diestrammenae"
"g__Phytobacter","s__Robinsoniella_peoriensis"
"g__GGB12871","s__Veillonella_seminalis"
"g__Frigoribacterium","s__GGB79104_SGB105821"
"g__Geodermatophilaceae_unclassified","s__Flavonifractor_sp_An112"
"g__GGB2722","s__Pygmaiobacter_massiliensis"
"g__Anaerocolumna","s__Enterobacter_ludwigii"
"g__Wohlfahrtiimonas","s__Clostridium_sporogenes"
"g__Nocardioides","s__Sarcina_ventriculi"
"g__GGB38079","s__Collinsella_phocaeensis"
"g__Candidatus_Harrysmithimonas","s__GGB45537_SGB63217"
"g__Hallella","s__GGB45495_SGB63167"
"g__Hydrogenophilus","s__Candidatus_Heteroruminococcus_faecigallinarum"
"g__Tissierellaceae_unclassified","s__GGB45461_SGB63131"
"g__Kocuria","s__Veillonella_ratti"
"g__Pararheinheimera","s__GGB4248_SGB5746"
"g__GGB79616","s__Lachnospiraceae_bacterium_oral_taxon_096"
"g__GGB28645","s__Peptoniphilus_senegalensis"
"g__Moraxella","s__GGB1277_SGB1714"
"g__GGB4455","s__Ruminococcus_SGB4263"
"g__GGB29004","s__GGB3216_SGB4248"
"g__GGB37269","s__GGB52930_SGB73859"
"g__GGB80102","s__GGB9046_SGB13948"
"g__Porphyromonadaceae_unclassified","s__Ructibacterium_gallinarum"
"g__Microvirgula","s__Streptococcus_massiliensis"
"g__GGB29668","s__Megasphaera_stantonii"
"g__Gallibacterium","s__Parolsenella_massiliensis"
"g__Caldibacillus","s__Senegalimassilia_SGB72437"
"g__Jonquetella","s__Eubacterium_tenue"
"g__Lapidilactobacillus","s__Ellagibacter_SGB72433"
"g__GGB28865","s__GGB45540_SGB63220"
"g__GGB28836","s__Clostridium_cocleatum"
"g__GGB79419","s__Clostridium_neonatale"
"g__GGB28989","s__Megasphaera_cerevisiae"
"g__Helcococcus","s__Anaerostipes_sp_494a"
"g__Atlantibacter","s__Brevundimonas_SGB15241"
"g__GGB12443","s__Candidatus_Avimicrobium_faecavium"
"g__GGB28969","s__Agathobaculum_desmolans"
"g__GGB28987","s__Bifidobacterium_SGB4589"
"g__Pluralibacter","s__Massilistercora_SGB71784"
"g__GGB25060","s__GGB34476_SGB65958"
"g__GGB50186","s__Actinomyces_SGB17132"
"g__GGB13456","s__GGB9357_SGB14331"
"g__GGB13085","s__Lancefieldella_rimae"
"g__GGB27788","s__Prevotella_colorans"
"g__GGB6579","s__GGB9358_SGB14333"
"g__Yokenella","s__Limosilactobacillus_pontis"
"g__GGB56465","s__GGB74699_SGB54317"
"g__GGB5983","s__Actinomyces_SGB65924"
"g__GGB30432","s__Kluyvera_genomosp_3"
"g__GGB25333","s__Kosakonia_pseudosacchari"
"g__GGB33855","s__Collinsella_sp_An307"
"g__GGB79902","s__Fructilactobacillus_fructivorans"
"g__GGB9074","s__GGB80000_SGB58382"
"g__GGB13313","s__GGB6125_SGB8771"
"g__GGB25362","s__Haemophilus_SGB36986"
"g__Prevotellaceae_unclassified","s__Muricomes_intestini"
"g__GGB23967","s__GGB34797_SGB14321"
"g__GGB13398","s__Clostridium_sp_AF32_12BH"
"g__GGB3739","s__Streptococcus_gallolyticus"
"g__GGB77017","s__GGB9613_SGB15048"
"g__GGB47741","s__Raoultella_ornithinolytica"
"g__GGB3752","s__Streptococcus_cristatus"
"g__GGB4712","s__Gemella_SGB47116"
"g__GGB4536","s__Faecalicatena_orotica"
"g__GGB33727","s__GGB3429_SGB4569"
"g__GGB38442","s__Corynebacterium_aurimucosum"
"g__GGB58343","s__Actinomyces_massiliensis"
"g__GGB75889","s__Clostridium_baratii"
"g__GGB13390","s__Clostridium_thermobutyricum"
"g__GGB13556","s__Clostridium_SGB65123"
"g__GGB77003","s__Acidaminococcus_provencensis"
"g__GGB56396","s__GGB33896_SGB14872"
"g__GGB75894","s__Abiotrophia_sp_HMSC24B09"
"g__GGB75893","s__GGB48567_SGB66627"
"g__GGB47742","s__Candidatus_Paralachnospira_avium"
"g__GGB31098","s__Streptococcus_pyogenes"
"g__GGB30667","s__Eubacteriales_unclassified_SGB4860"
"g__Bacteroidaceae_unclassified","s__GGB25053_SGB106016"
"g__GGB71554","s__Olsenella_SGB14390"
"g__GGB77018","s__Allobaculum_stercoricanis"
"g__Kalamiella","s__GGB9412_SGB14768"
"g__GGB31763","s__GGB74703_SGB54323"
"g__GGB30325","s__Pauljensenia_hongkongensis"
"g__GGB31041","s__Aggregatibacter_segnis"
"g__GGB75895","s__Citrobacter_sp_Res13_Sevr_PEB04_36"
"g__GGB31793","s__Clostridium_culturomicium"
"g__GGB26959","s__Fusobacterium_varium"
"g__Hespellia","s__GGB4255_SGB53440"
"g__Agathobacter","s__Collinsella_provencensis"
"g__GGB4738","s__Collinsella_SGB53890"
"g__GGB42595","s__GGB80009_SGB53574"
"g__GGB27791","s__Prevotella_veroralis"
"g__GGB75074","s__Limosilactobacillus_gorillae"
"g__GGB30311","s__Candidatus_Nanosynsacchari_sp_TM7_ANC_38_39_G1_1"
"g__GGB9272","s__Mogibacterium_timidum"
"g__GGB3318","s__GGB28262_SGB40814"
"g__GGB23807","s__Anaerococcus_lactolyticus"
"g__GGB23809","s__Limosilactobacillus_coleohominis"
"g__GGB9346","s__Lacticaseibacillus_zeae"
"g__GGB27620","s__Aeromonas_veronii"
"g__GGB13050","s__Proteus_hauseri"
"g__GGB80162","s__Mediterraneibacter_catenae"
"g__GGB35027","s__GGB1219_SGB1586"
"g__GGB42544","s__GGB9400_SGB14747"
"g__GGB28088","s__GGB9425_SGB14796"
"g__GGB3222","s__Parasutterella_sp_NM82_D38"
"g__GGB51661","s__Bifidobacterium_canis"
"g__GGB27613","s__Faecalibacterium_sp_An122"
"g__GGB23952","s__Ezakiella_coagulans"
"g__GGB37458","s__GGB48159_SGB105302"
"g__GGB12931","s__Haemophilus_sputorum"
"g__GGB27624","s__GGB1421_SGB1959"
"g__GGB50424","s__Porphyromonas_SGB1979"
"g__GGB27604","s__Clostridium_sp_Marseille_P299"
"g__GGB27673","s__Weissella_hellenica"
"g__GGB74477","s__GGB50802_SGB106454"
"g__GGB46145","s__Bacteroidales_bacterium_KA00251"
"g__GGB27908","s__Prevotella_multisaccharivorax"
"g__GGB13083","s__Lactobacillus_apis"
"g__GGB3420","s__Prevotella_sp_oral_taxon_376"
"g__GGB3523","s__GGB9158_SGB14095"
"g__GGB30223","s__Slackia_exigua"
"g__GGB1493","s__GGB18384_SGB14372"
"g__GGB1149","s__GGB3204_SGB4229"
"g__Velocimicrobium","s__GGB3105_SGB4114"
"g__GGB9592","s__GGB13012_SGB20183"
"g__GGB79719","s__Pseudoflavonifractor_sp_Marseille_P3106"
"g__GGB75905","s__GGB3325_SGB4402"
"g__GGB4262","s__Enorma_phocaeensis"
"g__GGB13349","s__Salinibacter_ruber"
"g__Elusimicrobium","s__Lactobacillus_helveticus"
"g__GGB70019","s__Clostridium_sp_AM58_1XD"
"g__GGB13148","s__Alicyclobacillus_acidiphilus"
"g__GGB79435","s__Gemella_haemolysans"
"g__GGB24826","s__Solobacterium_SGB6833"
"g__GGB1257","s__Citrobacter_telavivensis"
"g__GGB24827","s__TM7_phylum_sp_oral_taxon_348"
"g__GGB28093","s__Prevotella_oris"
"g__GGB3217","s__GGB24132_SGB41267"
"g__GGB28825","s__Actinomyces_sp_oral_taxon_414"
"g__GGB3859","s__Candidatus_Saccharibacteria_unclassified_SGB19847"
"g__GGB1418","s__Arachnia_propionica"
"g__GGB25456","s__Candidatus_Nanogingivalis_gingivitcus"
"g__GGB51604","s__Gemella_SGB7284"
"g__GGB13779","s__GGB51647_SGB20894"
"g__GGB27881","s__Anaerococcus_mediterraneensis"
"g__GGB6625","s__Candidatus_Avimonas_merdigallinarum"
"g__GGB13147","s__Candidatus_Alloruminococcus_vanvlietii"
"g__GGB6594","s__Arachnia_rubra"
"g__GGB9598","s__Corynebacterium_propinquum"
"g__Synergistes","s__GGB12785_SGB19825"
"g__Millionella","s__Peptacetobacter_hiranonis"
"g__GGB27771","s__GGB9399_SGB14744"
"g__GGB29656","s__Actinomyces_sp_Marseille_P3109"
"g__GGB9672","s__Niameybacter_massiliensis"
"g__GGB9671","s__Anaerococcus_SGB6671"
"g__Enterobacteriaceae_unclassified","s__Haemophilus_SGB6439"
"g__GGB46081","s__Ruminococcaceae_bacterium_Marseille_P2935"
"g__GGB3727","s__Peribacillus_faecalis"
"g__GGB13178","s__GGB3616_SGB4888"
"g__Kushneria","s__GGB779_SGB1022"
"g__Superficieibacter","s__Staphylococcus_xylosus"
"g__GGB30328","s__Corynebacterium_tuscaniense"
"g__GGB2658","s__Candidatus_Saccharibacteria_unclassified_SGB19858"
"g__GGB2733","s__Staphylococcus_equorum"
"g__GGB9594","s__Eubacterium_saphenum"
"g__GGB80024","s__Atopobium_sp_oral_taxon_416"
"g__GGB9645","s__Schaalia_cardiffensis"
"g__GGB52223","s__Eubacterium_nodatum"
"g__GGB52113","s__Bulleidia_extructa"
"g__GGB48173","s__Levilactobacillus_brevis"
"g__GGB13058","s__Eubacterium_infirmum"
"g__GGB23806","s__Streptococcus_pneumoniae"
"g__GGB58263","s__Proteus_vulgaris"
"g__GGB58218","s__Stomatobaculum_longum"
"g__Ethanoligenens","s__Leuconostoc_lactis"
"g__GGB27606","s__GGB31184_SGB44478"
"g__GGB1577","s__GGB9145_SGB14079"
"g__Shimwellia","s__Prevotella_SGB1604"
"g__GGB71043","s__Carnobacterium_mobile"
"g__GGB3213","s__GGB2945_SGB3917"
"g__GGB4643","s__Acinetobacter_sp_ANC_4204"
"g__GGB4548","s__Veillonellaceae_bacterium_DNF00626"
"g__GGB13132","s__Collinsella_SGB5080"
"g__GGB24672","s__Paeniclostridium_sordellii"
"g__GGB46258","s__Olsenella_SGB42906"
"g__GGB35743","s__Flavonifractor_sp_AGMB03687"
"g__Phyllobacterium","s__GGB74511_SGB105989"
"g__GGB1010","s__Pseudoflavonifractor_phocaeensis"
"g__Romboutsia","s__Gallalistipes_aquisgranensis"
"g__GGB30823","s__Faecalicoccus_acidiformans"
"g__GGB12691","s__Streptococcus_equinus"
"g__GGB31783","s__Raoultibacter_timonensis"
"g__GGB13130","s__Olsenella_porci"
"g__Pseudoscardovia","s__GGB79920_SGB4920"
"g__GGB31733","s__Olsenella_SGB72492"
"g__GGB9527","s__Enterobacter_mori"
"g__GGB12974","s__GGB29473_SGB42252"
"g__GGB3183","s__Pyramidobacter_piscolens"
"g__GGB1494","s__GGB4271_SGB5817"
"g__GGB28110","s__Cryptobacterium_curtum"
"g__GGB2731","s__GGB3887_SGB5270"
"g__GGB31780","s__Selenomonas_SGB5880"
"g__GGB71649","s__Selenomonas_flueggei"
"g__GGB28673","s__Selenomonas_noxia"
"g__GGB50290","s__GGB4538_SGB6256"
"g__Macrococcus","s__GGB12788_SGB19838"
"g__GGB12695","s__Prevotella_denticola"
"g__GGB25348","s__GGB4308_SGB5895"
"g__GGB77713","s__Peptostreptococcus_russellii"
"g__GGB28103","s__GGB12785_SGB19827"
"g__GGB18249","s__GGB12785_SGB19824"
"g__Bilifractor","s__Rothia_kristinae"
"g__GGB25350","s__Mitsuokella_sp_oral_taxon_131"
"g__GGB23964","s__Eggerthella_sp_YY7918"
"g__GGB4381","s__GGB6648_SGB9389"
"g__GGB4379","s__GGB1575_SGB2162"
"g__GGB3012","s__GGB45640_SGB72681"
"g__GGB48078","s__GGB3360_SGB4444"
NA,"s__Oribacterium_SGB5287"
NA,"s__GGB3130_SGB4143"
NA,"s__Peptoniphilus_gorbachii"
NA,"s__Oribacterium_parvum"
NA,"s__GGB42711_SGB59916"
NA,"s__Comamonas_kerstersii"
NA,"s__GGB9511_SGB14908"
NA,"s__Olsenella_phocaeensis"
NA,"s__GGB1101_SGB1415"
NA,"s__GGB6013_SGB8643"
NA,"s__GGB3051_SGB4051"
NA,"s__GGB9604_SGB15036"
NA,"s__GGB4884_SGB6823"
NA,"s__Saezia_sanguinis"
NA,"s__Eikenella_corrodens"
NA,"s__GGB105_SGB124"
NA,"s__GGB9694_SGB15207"
NA,"s__Bacillus_sp_FJAT_22090"
NA,"s__Christensenella_sp_NSJ_35"
NA,"s__Arachnia_SGB15899"
NA,"s__Ancrocorticia_populi"
NA,"s__GGB3662_SGB4973"
NA,"s__GGB1239_SGB1658"
NA,"s__GGB48227_SGB66234"
NA,"s__Flavonifractor_sp_An135"
NA,"s__GGB79342_SGB106059"
NA,"s__Pseudomonas_oryzihabitans"
NA,"s__GGB3004_SGB106198"
NA,"s__GGB25419_SGB37372"
NA,"s__Lacticaseibacillus_suibinensis"
NA,"s__Actinomyces_urogenitalis"
NA,"s__Gordonibacter_sp_Marseille_P4307"
NA,"s__Gleimia_europaea"
NA,"s__Urinicoccus_timonensis"
NA,"s__Actinotignum_schaalii"
NA,"s__Anaerococcus_sp_Marseille_P3915"
NA,"s__Leuconostoc_rapi"
NA,"s__GGB3155_SGB4168"
NA,"s__GGB765_SGB1005"
NA,"s__Phoenicibacter_congonensis"
NA,"s__Aeromonas_media"
NA,"s__Candidatus_Neoanaerotignum_galli"
NA,"s__GGB28403_SGB40190"
NA,"s__Clostridium_SGB5113"
NA,"s__Corynebacterium_phoceense"
NA,"s__Alloprevotella_tannerae"
NA,"s__Proteus_terrae"
NA,"s__Fusobacterium_necrophorum"
NA,"s__Sneathia_vaginalis"
NA,"s__Turicibacter_sp_TS3"
NA,"s__Anaerococcus_tetradius"
NA,"s__Criibacterium_bergeronii"
NA,"s__GGB49272_SGB69136"
NA,"s__Corynebacterium_casei"
NA,"s__Candidatus_Paralachnospira_sangeri"
NA,"s__Corynebacterium_variabile"
NA,"s__Gulosibacter_sp_10"
NA,"s__Streptococcus_SGB4454"
NA,"s__Eggerthella_guodeyinii"
NA,"s__Kytococcus_schroeteri"
NA,"s__GGB1339_SGB1796"
NA,"s__Corynebacterium_sp_Marseille_P3884"
NA,"s__Porphyromonas_SGB1984"
NA,"s__GGB28474_SGB41058"
NA,"s__Gulosibacter_hominis"
NA,"s__Anaerococcus_sp_Marseille_P3625"
NA,"s__Megasphaera_vaginalis"
NA,"s__Brevibacterium_aurantiacum"
NA,"s__Facklamia_languida"
NA,"s__Ndongobacter_massiliensis"
NA,"s__Olegusella_massiliensis"
NA,"s__Peptoniphilus_urinimassiliensis"
NA,"s__Enterococcus_gilvus"
NA,"s__Aggregatibacter_kilianii"
NA,"s__Solobacterium_SGB6834"
NA,"s__GGB12794_SGB19881"
NA,"s__Moellerella_wisconsensis"
NA,"s__Parvimonas_SGB6649"
NA,"s__Clostridia_bacterium_UC5_1_1C12"
NA,"s__GGB9595_SGB15019"
NA,"s__GGB6520_SGB9210"
NA,"s__GGB3103_SGB4112"
NA,"s__GGB1669_SGB2285"
NA,"s__Flavonifractor_sp_An82"
NA,"s__Candidatus_Flemingibacterium_merdigallinarum"
NA,"s__Veillonella_sp_R32"
NA,"s__GGB3262_SGB4309"
NA,"s__Clostridium_SGB26969"
NA,"s__Enterococcus_sp_MJM12"
NA,"s__Clostridium_jeddahense"
NA,"s__Bacteroides_reticulotermitis"
NA,"s__Klebsiella_huaxiensis"
NA,"s__Candidatus_Avimonas_caecicola"
NA,"s__Yersinia_enterocolitica"
NA,"s__Shuttleworthia_satelles"
NA,"s__Blautia_liquoris"
NA,"s__Candidatus_Nanosynbacter_lyticus"
NA,"s__Actinotignum_timonense"
NA,"s__Prevotella_nigrescens"
NA,"s__GGB74228_SGB13995"
NA,"s__GGB9589_SGB15011"
NA,"s__TM7_phylum_sp_oral_taxon_350"
NA,"s__Arachnia_SGB15898"
NA,"s__Eggerthia_catenaformis"
NA,"s__Alkalihalobacillus_clausii"
NA,"s__Atopobium_SGB47944"
NA,"s__Corynebacterium_flavescens"
NA,"s__Microbacterium_gubbeenense"
NA,"s__Staphylococcus_succinus"
NA,"s__Alkalibacterium_gilvum"
NA,"s__Agrococcus_casei"
NA,"s__GGB71906_SGB98924"
NA,"s__Enterococcus_devriesei"
NA,"s__Bavariicoccus_seileri"
NA,"s__Ruoffia_tabacinasalis"
NA,"s__Enterococcus_italicus"
NA,"s__Schaalia_meyeri"
NA,"s__Leucobacter_chromiireducens"
NA,"s__Fretibacterium_fastidiosum"
NA,"s__GGB25442_SGB37397"
NA,"s__GGB3504_SGB4680"
NA,"s__Granulicatella_SGB8239"
NA,"s__Mogibacterium_pumilum"
NA,"s__Kluyvera_cryocrescens"
NA,"s__Kluyvera_ascorbata"
NA,"s__Citrobacter_sp_RHBSTW_00671"
NA,"s__Clostridium_transplantifaecale"
NA,"s__Corynebacterium_sp_HMSC08D02"
NA,"s__Anaerococcus_prevotii"
NA,"s__Facklamia_hominis"
NA,"s__Corynebacterium_coyleae"
NA,"s__Staphylococcus_epidermidis"
NA,"s__Lachnospiraceae_unclassified_SGB65957"
NA,"s__Enterococcus_hulanensis"
NA,"s__Winkia_neuii"
NA,"s__GGB80050_SGB6678"
NA,"s__Dermabacter_hominis"
NA,"s__Arthrobacter_sp_HMSC06H05"
NA,"s__Anaerococcus_provencensis"
NA,"s__Anaerococcus_senegalensis"
NA,"s__GGB46116_SGB63877"
NA,"s__GGB4727_SGB6547"
NA,"s__GGB28892_SGB43808"
NA,"s__GGB28369_SGB40949"
NA,"s__GGB9256_SGB14202"
NA,"s__Victivallis_sp_Marseille_Q1083"
NA,"s__GGB9343_SGB14308"
NA,"s__Streptococcus_parauberis"
NA,"s__GGB4261_SGB5799"
NA,"s__Corynebacterium_jeikeium"
NA,"s__Haemophilus_paraphrohaemolyticus"
NA,"s__Roseburia_porci"
NA,"s__Psychrobacter_immobilis"
NA,"s__Vibrio_hibernica"
NA,"s__Psychrobacter_aquimaris"
NA,"s__Mediterraneibacter_sp_NSJ_55"
NA,"s__Extibacter_sp_GGCC_0201"
NA,"s__Streptococcus_SGB9214"
NA,"s__GGB9169_SGB14107"
NA,"s__Flavonifractor_SGB15137"
NA,"s__Lactococcus_petauri"
NA,"s__Clostridium_sp_AF15_17LB"
NA,"s__GGB42184_SGB59334"
NA,"s__GGB35456_SGB47582"
NA,"s__Peptidiphaga_SGB15895"
NA,"s__GGB12789_SGB19843"
NA,"s__TM7_phylum_sp_oral_taxon_349"
NA,"s__Megamonas_hypermegale"
NA,"s__Beduini_massiliensis"
NA,"s__Latilactobacillus_fuchuensis"
NA,"s__Dellaglioa_SGB96978"
NA,"s__Weissella_jogaejeotgali"
NA,"s__Schaalia_georgiae"
NA,"s__Campylobacter_SGB19337"
NA,"s__Carnobacterium_sp_CS13"
NA,"s__GGB3289_SGB4343"
NA,"s__Pseudopropionibacterium_massiliense"
NA,"s__Piscinibacter_SGB44477"
NA,"s__Haemophilus_parahaemolyticus"
NA,"s__Aggregatibacter_sp_2125159857"
NA,"s__Haemophilus_haemolyticus"
NA,"s__Lautropia_mirabilis"
NA,"s__Fusobacterium_naviforme"
NA,"s__Prevotella_vespertina"
NA,"s__Enterococcus_cecorum"
NA,"s__Prevotella_jejuni"
NA,"s__Neisseria_elongata"
NA,"s__Oribacterium_SGB96486"
NA,"s__Selenomonas_sputigena"
NA,"s__Prevotella_oulorum"
NA,"s__Prevotella_SGB1459"
NA,"s__Prevotella_nanceiensis"
NA,"s__Leptotrichia_sp_oral_taxon_498"
NA,"s__GGB1202_SGB1566"
NA,"s__GGB49434_SGB69353"
NA,"s__Capnocytophaga_granulosa"
NA,"s__Helicobacter_pullorum"
NA,"s__GGB9333_SGB14296"
NA,"s__Pediococcus_argentinicus"
NA,"s__Actinomyces_timonensis"
NA,"s__Selenomonas_bovis"
NA,"s__Obesumbacterium_proteus"
NA,"s__GGB52002_SGB72669"
NA,"s__Staphylococcus_carnosus"
NA,"s__Barnesiella_viscericola"
NA,"s__Fusobacterium_sp"
NA,"s__GGB1518_SGB2100"
NA,"s__Weissella_koreensis"
NA,"s__Streptococcus_sinensis"
NA,"s__GGB1691_SGB2324"
NA,"s__Drancourtella_sp_An177"
NA,"s__Prevotella_intermedia"
NA,"s__GGB1575_SGB2164"
NA,"s__Leuconostoc_citreum"
NA,"s__bacterium_1XD42_54"
NA,"s__Bacilliculturomica_massiliensis"
NA,"s__Granulicatella_SGB8245"
NA,"s__GGB3385_SGB4472"
NA,"s__GGB4533_SGB6246"
NA,"s__Lachnoanaerobaculum_saburreum"
NA,"s__Oribacterium_SGB5283"
NA,"s__Oribacterium_sp_oral_taxon_078"
NA,"s__GGB12761_SGB19791"
NA,"s__Trueperella_bernardiae"
NA,"s__Candidatus_Saccharibacteria_bacterium_oral_taxon_955"
NA,"s__Candidatus_Saccharibacteria_bacterium_oral_taxon_488"
NA,"s__GGB4272_SGB5822"
NA,"s__Olsenella_urininfantis"
NA,"s__GGB77016_SGB104875"
NA,"s__Raoultella_terrigena"
NA,"s__Streptococcus_varani"
NA,"s__Corynebacterium_sputi"
NA,"s__Peptoniphilus_phoceensis"
NA,"s__Collinsella_sp_AK_207A"
NA,"s__GGB79420_SGB105987"
NA,"s__Comamonas_testosteroni"
NA,"s__Delftia_acidovorans"
NA,"s__Sutterella_megalosphaeroides"
NA,"s__GGB74290_SGB99069"
NA,"s__GGB71983_SGB99036"
NA,"s__Brachybacterium_SGB87477"
NA,"s__Microbacterium_sp_JB110"
NA,"s__Microbacterium_SGB99058"
NA,"s__GGB71279_SGB97356"
NA,"s__Burkholderia_contaminans"
NA,"s__Corynebacterium_argentoratense"
NA,"s__Peptostreptococcaceae_bacterium"
NA,"s__Tetragenococcus_koreensis"
NA,"s__Roseburia_SGB4939"
NA,"s__GGB79703_SGB40800"
NA,"s__Oscillospiraceae_unclassified_SGB15251"
NA,"s__GGB79741_SGB1950"
NA,"s__Pectinatus_cerevisiiphilus"
NA,"s__GGB4243_SGB5738"
NA,"s__GGB9835_SGB15485"
NA,"s__Corynebacterium_accolens"
NA,"s__GGB52421_SGB73284"
NA,"s__Enterococcus_sulfureus"
NA,"s__Lactococcus_garvieae"
NA,"s__Lelliottia_nimipressuralis"
NA,"s__Leclercia_adecarboxylata"
NA,"s__Acinetobacter_ursingii"
NA,"s__Hyphomicrobiales_bacterium"
NA,"s__Enterococcus_raffinosus"
NA,"s__Lactiplantibacillus_paraplantarum"
NA,"s__Paucilactobacillus_hokkaidonensis"
NA,"s__Corynebacterium_pseudodiphtheriticum"
NA,"s__Campylobacter_coli"
NA,"s__Enteroscipio_SGB98416"
NA,"s__GGB6129_SGB8775"
NA,"s__GGB25443_SGB37398"
NA,"s__Lysinibacillus_fusiformis"
NA,"s__Bacillus_sp_FJAT_27916"
NA,"s__GGB48667_SGB72905"
NA,"s__Cellulosilyticum_lentocellum"
NA,"s__Synechococcus_SGB14295"
NA,"s__GGB41366_SGB58424"
NA,"s__GGB33247_SGB47403"
NA,"s__GGB29535_SGB36365"
NA,"s__GGB30861_SGB44083"
NA,"s__Peptoniphilus_raoultii"
NA,"s__Megasphaera_lornae"
NA,"s__Sneathia_sanguinegens"
NA,"s__Coriobacteriales_bacterium_DNF00809"
NA,"s__Candidatus_Tabaqchalia_intestinavium"
NA,"s__Campylobacter_SGB19318"
NA,"s__Lautropia_dentalis"
NA,"s__Schnuerera_ultunensis"
NA,"s__Sporosarcina_newyorkensis"
NA,"s__Tissierella_pigra"
NA,"s__Actinomyces_sp_HMSC065F12"
NA,"s__Virgibacillus_proomii"
NA,"s__Fastidiosipila_sanguinis"
NA,"s__Bacillus_cereus"
NA,"s__Candidatus_Nanosynbacter_SGB19893"
NA,"s__GGB3320_SGB4391"
NA,"s__GGB9067_SGB13986"
NA,"s__Atopobiaceae_bacterium_FL090493"
NA,"s__Bacteria_unclassified_SGB63107"
NA,"s__GGB45509_SGB66191"
NA,"s__Bifidobacterium_mongoliense"
NA,"s__Fructilactobacillus_lindneri"
NA,"s__Secundilactobacillus_paracollinoides"
NA,"s__GGB80090_SGB1690"
NA,"s__Parabacteroides_bouchesdurhonensis"
NA,"s__GGB1503_SGB2082"
NA,"s__GGB78706_SGB106379"
NA,"s__Arcanobacterium_urinimassiliense"
NA,"s__Brachybacterium_alimentarium"
NA,"s__Acidipropionibacterium_jensenii"
NA,"s__Lentilactobacillus_diolivorans"
NA,"s__Companilactobacillus_alimentarius"
NA,"s__Schleiferilactobacillus_harbinensis"
NA,"s__Staphylococcus_sp_NAM3COL9"
NA,"s__Bifidobacterium_crudilactis"
NA,"s__Paucilactobacillus_nenjiangensis"
NA,"s__Loigolactobacillus_coryniformis"
NA,"s__Actinotignum_SGB5108"
NA,"s__Clostridium_SGB4913"
NA,"s__Prevotella_copri_clade_L"
NA,"s__GGB3180_SGB4202"
NA,"s__GGB79969_SGB53576"
NA,"s__GGB24853_SGB36753"
NA,"s__Actinomyces_urinae"
NA,"s__Micrococcus_lylae"
NA,"s__Pseudoglutamicibacter_cumminsii"
NA,"s__Vagococcus_fluvialis"
NA,"s__Providencia_rettgeri"
NA,"s__Candidatus_Nanosynbacter_SGB19887"
NA,"s__GGB9729_SGB69197"
NA,"s__GGB9058_SGB13975"
NA,"s__GGB26772_SGB38957"
NA,"s__Serratia_marcescens"
NA,"s__Hornefia_butyriciproducens"
NA,"s__GGB79622_SGB56399"
NA,"s__Duncaniella_freteri"
NA,"s__Solibacillus_silvestris"
NA,"s__Sporosarcina_koreensis"
NA,"s__Prevotella_SGB1687"
NA,"s__Corynebacterium_striatum"
NA,"s__Tissierellia_bacterium_KA00581"
NA,"s__Lactobacillus_porci"
NA,"s__Enterococcus_pingfangensis"
NA,"s__Glutamicibacter_arilaitensis"
NA,"s__Marinilactibacillus_psychrotolerans"
NA,"s__Vagococcus_carniphilus"
NA,"s__Vagococcus_salmoninarum"
NA,"s__Streptococcus_urinalis"
NA,"s__Staphylococcus_pasteuri"
NA,"s__Enterobacter_cloacae"
NA,"s__Staphylococcus_warneri"
NA,"s__Actinomyces_mediterranea"
NA,"s__Prevotella_copri_clade_M"
NA,"s__GGB37878_SGB47372"
NA,"s__Bifidobacterium_thermophilum"
NA,"s__Lactobacillus_kitasatonis"
NA,"s__Lactobacillus_equicursoris"
NA,"s__Companilactobacillus_zhachilii"
NA,"s__Companilactobacillus_suantsaicola"
NA,"s__Lactobacillus_gigeriorum"
NA,"s__Candidatus_Nanosyncoccus_SGB19793"
NA,"s__Limosilactobacillus_ingluviei"
NA,"s__GGB9768_SGB15386"
NA,"s__GGB9170_SGB14108"
NA,"s__GGB18827_SGB27766"
NA,"s__Corynebacterium_simulans"
NA,"s__GGB6599_SGB9330"
NA,"s__Tessaracoccus_timonensis"
NA,"s__Tropheryma_whipplei"
NA,"s__GGB3306_SGB4371"
NA,"s__Microbacterium_lacticum"
NA,"s__GGB24147_SGB35951"
NA,"s__GGB9686_SGB15190"
NA,"s__GGB18336_SGB20700"
NA,"s__Limosilactobacillus_frumenti"
NA,"s__Xanthomonas_campestris"
NA,"s__Granulicatella_SGB64171"
NA,"s__Lactobacillus_jensenii"
NA,"s__Leptotrichia_sp_oral_taxon_221"
NA,"s__Candidatus_Nanosyncoccus_SGB95850"
NA,"s__GGB4721_SGB6537"
NA,"s__Candidatus_Saccharibacteria_unclassified_SGB95710"
NA,"s__Atopobium_sp_oral_taxon_199"
NA,"s__GGB4538_SGB6253"
NA,"s__Leptotrichia_hongkongensis"
NA,"s__Berryella_intestinalis"
NA,"s__Leptotrichia_hofstadii"
NA,"s__GGB2665_SGB3591"
NA,"s__GGB49400_SGB69312"
NA,"s__GGB80073_SGB9385"
NA,"s__Barnesiella_sp_An55"
NA,"s__Bacteroides_heparinolyticus"
NA,"s__GGB3175_SGB4190"
NA,"s__Bacteroides_helcogenes"
NA,"s__GGB75036_SGB102224"
NA,"s__GGB28271_SGB40830"
NA,"s__GGB25535_SGB72112"
NA,"s__GGB3160_SGB54356"
NA,"s__GGB1336_SGB1793"
NA,"s__Prevotella_copri_clade_I"
NA,"s__Prevotella_copri_clade_K"
NA,"s__GGB70875_SGB48103"
NA,"s__GGB3619_SGB4896"
NA,"s__Muribaculaceae_bacterium_Isolate_013_NCI"
NA,"s__GGB9747_SGB15354"
NA,"s__GGB9175_SGB14113"
NA,"s__Phocaeicola_abscessus"
NA,"s__Sanguibacter_SGB53806"
NA,"s__GGB3141_SGB4154"
NA,"s__Lactococcus_SGB40208"
NA,"s__GGB24102_SGB40205"
NA,"s__Emergencia_sp_1XD21_50"
NA,"s__Bacteroides_pyogenes"
NA,"s__GGB79811_SGB60941"
NA,"s__GGB79653_SGB4228"
NA,"s__Akkermansia_SGB48227"
NA,"s__Klebsiella_sp_WP3_S18_ESBL_05"
NA,"s__Sphingomonas_sp_3F27F9"
NA,"s__GGB3276_SGB4326"
NA,"s__Ezakiella_massiliensis"
NA,"s__Helicobacter_pylori"
NA,"s__Clostridiaceae_bacterium_DONG20_135"
NA,"s__GGB27774_SGB40188"
NA,"s__GGB52222_SGB72997"
NA,"s__GGB3220_SGB4252"
NA,"s__Methylobacterium_brachiatum"
NA,"s__GGB12969_SGB20128"
NA,"s__GGB3600_SGB47662"
NA,"s__GGB78964_SGB106137"
NA,"s__Prevotella_copri_clade_J"
NA,"s__Pseudoglutamicibacter_SGB14256"
NA,"s__Parabacteroides_sp_ZJ_118"
NA,"s__Psychrobacillus_sp_BL_248_WT_3"
NA,"s__GGB70871_SGB95324"
NA,"s__Mycoplasma_hominis"
NA,"s__Prevotella_brunnea"
NA,"s__Candidatus_Soleaferrea_massiliensis"
NA,"s__GGB3171_SGB4185"
NA,"s__Pseudomonas_saxonica"
NA,"s__GGB72452_SGB4052"
NA,"s__GGB1844_SGB2532"
NA,"s__GGB4601_SGB6364"
NA,"s__GGB3664_SGB4976"
NA,"s__GGB27872_SGB40306"
NA,"s__Chryseobacterium_SGB4281"
NA,"s__Afipia_broomeae"
NA,"s__Acidovorax_delafieldii"
NA,"s__Hydrotalea_flava"
NA,"s__GGB70856_SGB95309"
NA,"s__GGB9819_SGB40890"
NA,"s__Bradyrhizobium_elkanii"
NA,"s__Bradyrhizobium_viridifuturi"
NA,"s__Ralstonia_pickettii"
NA,"s__Mesorhizobium_amorphae"
NA,"s__Clostridia_unclassified_SGB105437"
NA,"s__Sphingomonas_ginsenosidimutans"
NA,"s__Aerococcus_christensenii"
NA,"s__Tannerella_serpentiformis"
NA,"s__Alloprevotella_SGB77721"
NA,"s__Capnocytophaga_SGB2499"
NA,"s__Prevotella_aurantiaca"
NA,"s__GGB3385_SGB4471"
NA,"s__Prevotella_shahii"
NA,"s__GGB1838_SGB2488"
NA,"s__Porphyromonas_endodontalis"
NA,"s__GGB1843_SGB2516"
NA,"s__Prevotella_pleuritidis"
NA,"s__Peptostreptococcaceae_bacterium_AS15"
NA,"s__Leptotrichia_massiliensis"
NA,"s__Capnocytophaga_sp_oral_taxon_863"
NA,"s__GGB3389_SGB4477"
NA,"s__Campylobacter_SGB19314"
NA,"s__Porphyromonas_catoniae"
NA,"s__Prevotella_maculosa"
NA,"s__GGB1025_SGB1319"
NA,"s__Candidatus_Nanosynbacter_SGB96076"
NA,"s__Candidatus_Gracilibacteria_bacterium_GN02_873"
NA,"s__Treponema_lecithinolyticum"
NA,"s__Leptotrichia_trevisanii"
NA,"s__GGB2671_SGB3597"
NA,"s__Tannerella_forsythia"
NA,"s__GGB28265_SGB40817"
NA,"s__GGB1144_SGB1469"
NA,"s__GGB3095_SGB4103"
NA,"s__GGB80019_SGB20815"
NA,"s__GGB70521_SGB94953"
NA,"s__Algoriella_xinjiangensis"
NA,"s__Sphingomonas_leidyi"
NA,"s__GGB18559_SGB27424"
NA,"s__Acidovorax_ebreus"
NA,"s__GGB3528_SGB4713"
NA,"s__GGB4251_SGB5752"
NA,"s__GGB13183_SGB20400"
NA,"s__Bergeyella_cardium"
NA,"s__Christensenella_intestinihominis"
NA,"s__Cloacibacterium_caeni"
NA,"s__GGB79394_SGB105952"
NA,"s__GGB79694_SGB45159"
NA,"s__Cutibacterium_granulosum"
NA,"s__Pantoea_agglomerans"
NA,"s__GGB24101_SGB40209"
NA,"s__GGB79628_SGB35895"
NA,"s__GGB75876_SGB103678"
NA,"s__Corynebacterium_kefirresidentii"
NA,"s__Kosakonia_cowanii"
NA,"s__GGB79683_SGB21436"
NA,"s__Bacteria_unclassified_SGB40349"
NA,"s__Longicatena_SGB42494"
NA,"s__Pseudomonas_helleri"
NA,"s__Serratia_proteamaculans"
NA,"s__GGB9049_SGB13954"
NA,"s__Alloprevotella_SGB1463"
NA,"s__GGB1088_SGB1395"
NA,"s__Veillonella_sp_3627"
NA,"s__GGB13054_SGB20235"
NA,"s__GGB13054_SGB20238"
NA,"s__GGB1627_SGB2228"
NA,"s__GGB13054_SGB20240"
NA,"s__GGB13056_SGB20243"
NA,"s__GGB42462_SGB59637"
NA,"s__GGB48326_SGB66357"
NA,"s__Hungatella_SGB9293"
NA,"s__Campylobacter_upsaliensis"
NA,"s__GGB1345_SGB1803"
NA,"s__GGB27897_SGB40332"
NA,"s__GGB52384_SGB61014"
NA,"s__Campylobacter_gracilis"
NA,"s__Acidaminococcus_timonensis"
NA,"s__GGB763_SGB1002"
NA,"s__Extibacter_muris"
NA,"s__GGB10693_SGB17348"
NA,"s__GGB3400_SGB4510"
NA,"s__GGB9400_SGB63083"
NA,"s__Candidatus_Gallimonas_merdigallinarum"
NA,"s__Aeromonas_hydrophila"
NA,"s__Enterobacter_cancerogenus"
NA,"s__Arthrospira_platensis"
NA,"s__Providencia_alcalifaciens"
NA,"s__GGB6572_SGB9285"
NA,"s__Oscillospiraceae_bacterium_NSJ_54"
NA,"s__Proteus_penneri"
NA,"s__GGB6554_SGB9256"
NA,"s__GGB9628_SGB15082"
NA,"s__GGB9528_SGB14928"
NA,"s__Streptococcus_suis"
NA,"s__Marvinbryantia_formatexigens"
NA,"s__Acidovorax_temperans"
NA,"s__GGB37323_SGB42690"
NA,"s__Raoultibacter_sp_Marseille_P8396"
NA,"s__Pseudomonas_fragi"
NA,"s__GGB3266_SGB4315"
NA,"s__Coprococcus_SGB26904"
NA,"s__GGB9106_SGB54309"
NA,"s__Fusobacterium_hwasookii"
NA,"s__Clostridium_SGB29100"
NA,"s__Brachyspira_pilosicoli"
NA,"s__GGB18083_SGB26726"
NA,"s__GGB25056_SGB36978"
NA,"s__Pseudomonas_guguanensis"
NA,"s__Bifidobacterium_moukalabense"
NA,"s__Veillonella_denticariosi"
NA,"s__Veillonella_caviae"
NA,"s__Brevibacterium_paucivorans"
NA,"s__Enterococcus_mundtii"
NA,"s__Clostridium_SGB65129"
NA,"s__Eubacterium_sp_OM08_24"
NA,"s__Oscillospiraceae_unclassified_SGB4199"
NA,"s__Cronobacter_sakazakii"
NA,"s__Bifidobacterium_asteroides"
NA,"s__Tetragenococcus_solitarius"
NA,"s__Paenibacillus_azoreducens"
NA,"s__Phytobacter_diazotrophicus"
NA,"s__Bifidobacterium_coryneforme"
NA,"s__GGB12871_SGB20007"
NA,"s__Frigoribacterium_sp_9N"
NA,"s__Geodermatophilaceae_bacterium_NBWT11"
NA,"s__GGB2722_SGB3663"
NA,"s__Enterobacter_timonensis"
NA,"s__Anaerocolumna_aminovalerica"
NA,"s__Wohlfahrtiimonas_chitiniclastica"
NA,"s__Enterococcus_mediterraneensis"
NA,"s__Paucilactobacillus_vaccinostercus"
NA,"s__Nocardioides_aquaticus"
NA,"s__Nocardioides_kribbensis"
NA,"s__Rhodococcus_fascians"
NA,"s__Brevundimonas_vesicularis"
NA,"s__Nocardioides_glacieisoli"
NA,"s__GGB38079_SGB49239"
NA,"s__Candidatus_Harrysmithimonas_galli"
NA,"s__Kluyvera_sichuanensis"
NA,"s__Klebsiella_indica"
NA,"s__Lachnoclostridium_phytofermentans"
NA,"s__Paenibacillus_lutimineralis"
NA,"s__Neisseria_sp_oral_taxon_014"
NA,"s__Clostridium_methoxybenzovorans"
NA,"s__Paenibacillus_macerans"
NA,"s__Proteus_myxofaciens"
NA,"s__Kosakonia_sacchari"
NA,"s__Corynebacterium_SGB86804"
NA,"s__Hallella_seregens"
NA,"s__Staphylococcus_saccharolyticus"
NA,"s__Hydrogenophilus_thermoluteolus"
NA,"s__Prevotella_SGB48271"
NA,"s__Tissierellaceae_bacterium_BX21"
NA,"s__Kocuria_palustris"
NA,"s__Pararheinheimera_mesophila"
NA,"s__Staphylococcus_arlettae"
NA,"s__Brachybacterium_paraconglomeratum"
NA,"s__Aerococcus_urinaeequi"
NA,"s__Clostridium_polynesiense"
NA,"s__GGB79616_SGB4923"
NA,"s__Roseburia_SGB36997"
NA,"s__GGB28645_SGB41268"
NA,"s__Haemophilus_influenzae"
NA,"s__Bacteroides_rodentium"
NA,"s__Micrococcus_luteus"
NA,"s__Corynebacterium_jeddahense"
NA,"s__Staphylococcus_hominis"
NA,"s__Serratia_liquefaciens"
NA,"s__Paracoccus_marinus"
NA,"s__Moraxella_osloensis"
NA,"s__GGB4455_SGB5796"
NA,"s__GGB9383_SGB4695"
NA,"s__Micrococcus_flavus"
NA,"s__Bacteroides_SGB63885"
NA,"s__GGB29004_SGB41720"
NA,"s__Prevotella_amnii"
NA,"s__Clostridium_sp_12_A"
NA,"s__Bacillus_sp_AP8"
NA,"s__Phytobacter_massiliensis"
NA,"s__Clostridium_sp_ASBs410"
NA,"s__GGB37269_SGB47247"
NA,"s__GGB80102_SGB1896"
NA,"s__Porphyromonadaceae_bacterium_FC4"
NA,"s__Microvirgula_aerodenitrificans"
NA,"s__Yersinia_frederiksenii"
NA,"s__Corynebacterium_macginleyi"
NA,"s__Neisseria_cinerea"
NA,"s__Corynebacterium_oculi"
NA,"s__Campylobacter_massiliensis"
NA,"s__GGB29668_SGB42476"
NA,"s__Granulicatella_SGB8244"
NA,"s__Peribacillus_simplex"
NA,"s__Gallibacterium_anatis"
NA,"s__Alloprevotella_sp_oral_taxon_473"
NA,"s__Clostridium_sp_Marseille_P2415"
NA,"s__Hungatella_xylanolytica"
NA,"s__Paenibacillus_dendritiformis"
NA,"s__Slackia_faecicanis"
NA,"s__Lactobacillus_kullabergensis"
NA,"s__Companilactobacillus_farciminis"
NA,"s__Enterococcus_massiliensis"
NA,"s__Caldibacillus_thermoamylovorans"
NA,"s__Lactobacillus_sp_HBUAS51381"
NA,"s__Acidipropionibacterium_acidipropionici"
NA,"s__Sphingomonas_SGB56342"
NA,"s__Jonquetella_anthropi"
NA,"s__Lapidilactobacillus_dextrinicus"
NA,"s__Paenibacillus_nuruki"
NA,"s__Desulfovibrio_sp_86"
NA,"s__GGB28865_SGB41537"
NA,"s__GGB28836_SGB41496"
NA,"s__Veillonella_magna"
NA,"s__GGB79419_SGB105985"
NA,"s__Enterococcus_canintestini"
NA,"s__GGB28989_SGB41703"
NA,"s__Lachnospiraceae_bacterium_MD329"
NA,"s__Hungateiclostridiaceae_bacterium_KB18"
NA,"s__Helcococcus_sueciensis"
NA,"s__Atlantibacter_hermannii"
NA,"s__Clostridium_niameyense"
NA,"s__Selenomonas_SGB5891"
NA,"s__GGB12443_SGB19313"
NA,"s__Enterococcus_sp_RIT_PI_f"
NA,"s__Kluyvera_georgiana"
NA,"s__Gemella_SGB7291"
NA,"s__Clostridium_sartagoforme"
NA,"s__GGB28645_SGB94922"
NA,"s__Emergencia_sp_1XD21_10"
NA,"s__Gemella_bergeri"
NA,"s__Actinotignum_sanguinis"
NA,"s__GGB28969_SGB41680"
NA,"s__Staphylococcus_simulans"
NA,"s__Blautia_pseudococcoides"
NA,"s__Clostridium_indicum"
NA,"s__GGB28987_SGB41700"
NA,"s__Neglectibacter_sp_X4"
NA,"s__Lacticaseibacillus_hegangensis"
NA,"s__Lacticaseibacillus_pantheris"
NA,"s__Pluralibacter_gergoviae"
NA,"s__Lentilactobacillus_buchneri"
NA,"s__Ligilactobacillus_acidipiscis"
NA,"s__Lactobacillus_acetotolerans"
NA,"s__Secundilactobacillus_silagei"
NA,"s__Paracoccus_yeei"
NA,"s__GGB25060_SGB36982"
NA,"s__GGB50186_SGB70252"
NA,"s__Clostridium_SGB5112"
NA,"s__GGB24102_SGB40204"
NA,"s__Oscillibacter_SGB40803"
NA,"s__Clostridium_SGB5114"
NA,"s__GGB9712_SGB20770"
NA,"s__GGB13456_SGB20736"
NA,"s__GGB13085_SGB20276"
NA,"s__Faecalibacterium_sp_An121"
NA,"s__GGB27788_SGB40203"
NA,"s__Sphingomonas_SGB66207"
NA,"s__GGB6579_SGB9299"
NA,"s__Yokenella_regensburgei"
NA,"s__GGB56465_SGB77878"
NA,"s__Roseburia_sp_831b"
NA,"s__Sharpea_azabuensis"
NA,"s__Streptococcus_lactarius"
NA,"s__GGB3614_SGB20497"
NA,"s__GGB13054_SGB20239"
NA,"s__GGB3321_SGB4396"
NA,"s__Prevotella_albensis"
NA,"s__Prevotella_sp_AGR2160"
NA,"s__GGB5983_SGB70776"
NA,"s__GGB3619_SGB4895"
NA,"s__GGB30432_SGB43479"
NA,"s__GGB25333_SGB37272"
NA,"s__GGB33855_SGB48411"
NA,"s__GGB1243_SGB1664"
NA,"s__GGB79902_SGB47860"
NA,"s__GGB9074_SGB9349"
NA,"s__GGB13313_SGB20559"
NA,"s__GGB25362_SGB37308"
NA,"s__GGB9729_SGB15288"
NA,"s__Prevotellaceae_bacterium_KH2P17"
NA,"s__Clostridium_SGB20550"
NA,"s__GGB23967_SGB35717"
NA,"s__GGB13398_SGB20663"
NA,"s__GGB3739_SGB5074"
NA,"s__GGB77017_SGB104877"
NA,"s__GGB47741_SGB65713"
NA,"s__Bacteroides_zoogleoformans"
NA,"s__GGB4564_SGB6301"
NA,"s__GGB3751_SGB5098"
NA,"s__GGB3752_SGB5100"
NA,"s__GGB4712_SGB6525"
NA,"s__GGB4536_SGB6250"
NA,"s__GGB33727_SGB105412"
NA,"s__GGB38442_SGB49026"
NA,"s__Oscillospiraceae_unclassified_SGB20923"
NA,"s__GGB9673_SGB15171"
NA,"s__GGB58343_SGB79994"
NA,"s__GGB75889_SGB102369"
NA,"s__GGB13390_SGB14189"
NA,"s__GGB3306_SGB4374"
NA,"s__GGB3306_SGB20884"
NA,"s__GGB5988_SGB8609"
NA,"s__GGB13556_SGB20882"
NA,"s__GGB2734_SGB3679"
NA,"s__GGB2734_SGB20279"
NA,"s__Bacteroides_caecimuris"
NA,"s__GGB77003_SGB104903"
NA,"s__Enterococcus_SGB69986"
NA,"s__GGB56396_SGB77807"
NA,"s__Mediterranea_sp_An20"
NA,"s__Mitsuokella_sp_AF21_1AC"
NA,"s__GGB13056_SGB20242"
NA,"s__GGB75894_SGB102372"
NA,"s__GGB75893_SGB102375"
NA,"s__GGB47742_SGB65714"
NA,"s__GGB31098_SGB102377"
NA,"s__Bacteroides_graminisolvens"
NA,"s__GGB30667_SGB43809"
NA,"s__Bacteroidaceae_bacterium"
NA,"s__GGB1354_SGB104904"
NA,"s__Parabacteroides_SGB104879"
NA,"s__GGB71554_SGB98284"
NA,"s__Parabacteroides_sp_AM08_6"
NA,"s__GGB77018_SGB104878"
NA,"s__Kalamiella_SGB65712"
NA,"s__Bacteroides_ihuae"
NA,"s__Parabacteroides_chinchillae"
NA,"s__Bacteroides_neonati"
NA,"s__Phocaeicola_paurosaccharolyticus"
NA,"s__GGB31763_SGB102430"
NA,"s__GGB30325_SGB43303"
NA,"s__Bacteroides_sp_214"
NA,"s__Bacteroides_sp_224"
NA,"s__Bacteroides_luti"
NA,"s__Parabacteroides_sp_52"
NA,"s__GGB31041_SGB44303"
NA,"s__GGB75895_SGB102373"
NA,"s__GGB31793_SGB45163"
NA,"s__Bacteroides_timonensis"
NA,"s__Sutterella_SGB6348"
NA,"s__Bacteroides_sp_51"
NA,"s__GGB6013_SGB8644"
NA,"s__Parabacteroides_sp_An277"
NA,"s__GGB26959_SGB39161"
NA,"s__Hespellia_stercorisuis"
NA,"s__Agathobacter_ruminis"
NA,"s__GGB4738_SGB6563"
NA,"s__GGB9290_SGB14246"
NA,"s__GGB42595_SGB102271"
NA,"s__Desulfovibrio_SGB40192"
NA,"s__GGB27791_SGB40207"
NA,"s__GGB75074_SGB102167"
NA,"s__GGB30311_SGB43288"
NA,"s__GGB9272_SGB14224"
NA,"s__Coprococcus_SGB5119"
NA,"s__Desulfovibrio_sp_ZJ200"
NA,"s__GGB3318_SGB42507"
NA,"s__GGB13054_SGB20236"
NA,"s__GGB23807_SGB35516"
NA,"s__GGB23809_SGB35519"
NA,"s__GGB9346_SGB14312"
NA,"s__GGB27620_SGB39954"
NA,"s__GGB80162_SGB70451"
NA,"s__GGB35027_SGB48128"
NA,"s__GGB3755_SGB5105"
NA,"s__GGB42544_SGB59739"
NA,"s__GGB28088_SGB40573"
NA,"s__GGB13050_SGB20225"
NA,"s__GGB13050_SGB20226"
NA,"s__GGB3222_SGB4254"
NA,"s__GGB51661_SGB72064"
NA,"s__GGB27613_SGB39946"
NA,"s__GGB23952_SGB35701"
NA,"s__GGB37458_SGB48005"
NA,"s__Prevotella_sp_P3_122"
NA,"s__GGB12931_SGB20077"
NA,"s__GGB3755_SGB41382"
NA,"s__GGB27624_SGB39960"
NA,"s__GGB50424_SGB70510"
NA,"s__GGB27604_SGB39936"
NA,"s__GGB27673_SGB40043"
NA,"s__Bacteroidales_bacterium_KA00344"
NA,"s__GGB74477_SGB47336"
NA,"s__GGB46145_SGB63913"
NA,"s__GGB27908_SGB40344"
NA,"s__GGB3583_SGB21441"
NA,"s__GGB13083_SGB20273"
NA,"s__GGB4611_SGB6386"
NA,"s__Clostridium_SGB47293"
NA,"s__Alistipes_SGB6032"
NA,"s__Lactobacillus_taiwanensis"
NA,"s__Limosilactobacillus_agrestis"
NA,"s__Fusobacterium_necrogenes"
NA,"s__Lactobacillus_kefiranofaciens"
NA,"s__Lactobacillus_amylolyticus"
NA,"s__Lactobacillus_hamsteri"
NA,"s__Limosilactobacillus_rudii"
NA,"s__Lactobacillus_rodentium"
NA,"s__GGB3420_SGB4539"
NA,"s__Lactobacillus_pasteurii"
NA,"s__Fusobacterium_sp_DD14"
NA,"s__Citrobacter_koseri"
NA,"s__GGB3523_SGB66046"
NA,"s__Lactococcus_raffinolactis"
NA,"s__GGB25679_SGB27113"
NA,"s__GGB9511_SGB105436"
NA,"s__Flavonifractor_SGB105860"
NA,"s__Megasphaera_SGB5861"
NA,"s__GGB756_SGB994"
NA,"s__GGB9083_SGB20626"
NA,"s__GGB30223_SGB43155"
NA,"s__Bifidobacterium_scaligerum"
NA,"s__GGB1493_SGB2068"
NA,"s__Enterobacter_oligotrophicus"
NA,"s__Lelliottia_amnigena"
NA,"s__GGB1149_SGB1476"
NA,"s__GGB12972_SGB20130"
NA,"s__Anaeromassilibacillus_sp_An200"
NA,"s__Velocimicrobium_porci"
NA,"s__GGB9592_SGB15014"
NA,"s__GGB6012_SGB8645"
NA,"s__Parasutterella_secunda"
NA,"s__GGB79719_SGB40885"
NA,"s__Brachyspira_SGB21110"
NA,"s__GGB75905_SGB102356"
NA,"s__Citrobacter_sedlakii"
NA,"s__Bacteroides_SGB711"
NA,"s__GGB4262_SGB5800"
NA,"s__GGB13349_SGB20600"
NA,"s__Elusimicrobium_sp_An273"
NA,"s__GGB70019_SGB94349"
NA,"s__GGB13148_SGB20355"
NA,"s__Sutterella_SGB5865"
NA,"s__Barnesiella_sp_CU968"
NA,"s__GGB79435_SGB106089"
NA,"s__GGB24826_SGB36720"
NA,"s__GGB1257_SGB1685"
NA,"s__GGB24827_SGB36721"
NA,"s__GGB28093_SGB40581"
NA,"s__Prevotella_dentasini"
NA,"s__GGB3217_SGB4249"
NA,"s__GGB3654_SGB41294"
NA,"s__GGB38716_SGB53365"
NA,"s__GGB28825_SGB41481"
NA,"s__GGB3859_SGB5234"
NA,"s__GGB1621_SGB63777"
NA,"s__GGB1418_SGB1954"
NA,"s__GGB25456_SGB37411"
NA,"s__Eggerthellaceae_bacterium_AT8"
NA,"s__GGB51604_SGB105418"
NA,"s__GGB13779_SGB65075"
NA,"s__Lachnospiraceae_unclassified_SGB4924"
NA,"s__GGB33657_SGB47663"
NA,"s__GGB27881_SGB40315"
NA,"s__GGB6625_SGB9360"
NA,"s__Candidatus_Campylobacter_infans"
NA,"s__GGB13147_SGB19694"
NA,"s__GGB27106_SGB45239"
NA,"s__GGB6594_SGB9325"
NA,"s__Selenomonas_SGB5896"
NA,"s__GGB9598_SGB72886"
NA,"s__GGB9603_SGB20833"
NA,"s__Synergistes_jonesii"
NA,"s__Prevotella_SGB1688"
NA,"s__Millionella_massiliensis"
NA,"s__GGB27771_SGB40185"
NA,"s__GGB29656_SGB42463"
NA,"s__GGB13472_SGB20758"
NA,"s__GGB9672_SGB15170"
NA,"s__Haemophilus_SGB15189"
NA,"s__GGB13349_SGB13960"
NA,"s__GGB9671_SGB15169"
NA,"s__Enterobacteriaceae_bacterium"
NA,"s__Enterobacter_huaxiensis"
NA,"s__Blautia_SGB36988"
NA,"s__GGB46081_SGB63842"
NA,"s__Staphylococcus_saprophyticus"
NA,"s__GGB3727_SGB5057"
NA,"s__Alistipes_sp"
NA,"s__GGB13178_SGB20394"
NA,"s__Kushneria_SGB99199"
NA,"s__Bifidobacterium_reuteri"
NA,"s__Superficieibacter_sp_1612_C1"
NA,"s__Bifidobacterium_myosotis"
NA,"s__GGB30328_SGB43308"
NA,"s__GGB2658_SGB3579"
NA,"s__GGB2733_SGB3675"
NA,"s__Prevotella_ihumii"
NA,"s__GGB9594_SGB15016"
NA,"s__GGB80024_SGB63246"
NA,"s__GGB9645_SGB15122"
NA,"s__GGB52223_SGB72998"
NA,"s__GGB52113_SGB72848"
NA,"s__GGB48173_SGB66176"
NA,"s__GGB13058_SGB20245"
NA,"s__GGB23806_SGB39956"
NA,"s__GGB58263_SGB79914"
NA,"s__Bacteroidales_bacterium_WCE2008"
NA,"s__GGB58218_SGB79865"
NA,"s__Lachnospiraceae_bacterium_NK3A20"
NA,"s__Ethanoligenens_harbinense"
NA,"s__GGB27606_SGB39938"
NA,"s__GGB1577_SGB95317"
NA,"s__Enterobacter_soli"
NA,"s__Enterobacter_lignolyticus"
NA,"s__Shimwellia_pseudoproteus"
NA,"s__Lachnospiraceae_bacterium_C10"
NA,"s__Sutterella_parvirubra"
NA,"s__GGB71043_SGB96468"
NA,"s__GGB3213_SGB4243"
NA,"s__GGB3213_SGB4244"
NA,"s__GGB3213_SGB4245"
NA,"s__Leuconostoc_kimchii"
NA,"s__GGB1497_SGB20188"
NA,"s__GGB1497_SGB2075"
NA,"s__Fusobacterium_SGB6040"
NA,"s__GGB4643_SGB6427"
NA,"s__GGB4548_SGB6270"
NA,"s__Bifidobacterium_leontopitheci"
NA,"s__GGB13132_SGB20335"
NA,"s__Bifidobacterium_magnum"
NA,"s__GGB24672_SGB36548"
NA,"s__GGB46258_SGB64031"
NA,"s__Thermophilibacter_immobilis"
NA,"s__GGB35743_SGB53443"
NA,"s__Arcanobacterium_haemolyticum"
NA,"s__GGB6520_SGB9209"
NA,"s__Phyllobacterium_myrsinacearum"
NA,"s__GGB1010_SGB1303"
NA,"s__Tetragenococcus_halophilus"
NA,"s__Fusobacterium_SGB14781"
NA,"s__Romboutsia_ilealis"
NA,"s__GGB30823_SGB44035"
NA,"s__GGB12691_SGB19688"
NA,"s__Clostridium_mediterraneense"
NA,"s__GGB31783_SGB45150"
NA,"s__Bifidobacterium_gallicum"
NA,"s__Bifidobacterium_minimum"
NA,"s__Bifidobacterium_sp_DSM_109963"
NA,"s__Bifidobacterium_bombi"
NA,"s__Bifidobacterium_bohemicum"
NA,"s__Bifidobacterium_commune"
NA,"s__Bifidobacterium_sp_DSM_109957"
NA,"s__Bifidobacterium_goeldii"
NA,"s__GGB5994_SGB8617"
NA,"s__Klebsiella_sp_RIT_PI_d"
NA,"s__Companilactobacillus_nodensis"
NA,"s__GGB13130_SGB20333"
NA,"s__Bifidobacterium_choloepi"
NA,"s__Bifidobacterium_imperatoris"
NA,"s__Bifidobacterium_cuniculi"
NA,"s__Bifidobacterium_aemilianum"
NA,"s__Pseudoscardovia_suis"
NA,"s__GGB31733_SGB45094"
NA,"s__GGB9527_SGB14927"
NA,"s__GGB12974_SGB20138"
NA,"s__GGB13050_SGB20224"
NA,"s__GGB3183_SGB4206"
NA,"s__GGB1494_SGB2069"
NA,"s__GGB28110_SGB40602"
NA,"s__GGB2731_SGB3673"
NA,"s__GGB31780_SGB45146"
NA,"s__GGB71649_SGB98407"
NA,"s__GGB28673_SGB41300"
NA,"s__GGB50290_SGB70366"
NA,"s__Macrococcus_caseolyticus"
NA,"s__Vagococcus_lutrae"
NA,"s__GGB12695_SGB19692"
NA,"s__GGB25348_SGB37287"
NA,"s__GGB77713_SGB105121"
NA,"s__GGB28103_SGB40595"
NA,"s__Prevotella_sp_HUN102"
NA,"s__Clostridium_SGB102436"
NA,"s__GGB18249_SGB26954"
NA,"s__Bilifractor_porci"
NA,"s__GGB25350_SGB37289"
NA,"s__GGB23964_SGB35714"
NA,"s__Comamonas_SGB21443"
NA,"s__Streptococcus_SGB9221"
NA,"s__GGB4381_SGB47248"
NA,"s__GGB4379_SGB6025"
NA,"s__Helicobacter_winghamensis"
NA,"s__Slackia_SGB72411"
NA,"s__GGB48159_SGB105301"
NA,"s__Fusobacterium_canifelinum"
NA,"s__GGB3012_SGB4003"
NA,"s__GGB48078_SGB66074"
